id,from_concept_id,to_concept_id
0,3249,1442
1,3,4659
2,3,4660
3,3,4661
4,4,3249
5,3276,3249
6,10,4723
7,10,5142
8,3334,3333
9,3357,3333
10,3358,3
11,3358,3334
12,3397,3357
13,3397,3358
14,24,23
15,26,9660
16,26,9661
17,32,9051
18,96,9055
19,96,9852
20,100,3868
21,77,8934
22,77,6781
23,4699,4697
24,82,100
25,4709,4697
26,3001,175
27,2334,651
28,3001,77
29,3001,176
30,3001,157
31,10741,5141
32,10741,5620
33,3144,77
34,3144,6781
35,3160,157
36,3160,6781
37,3161,8934
38,3167,8933
39,3167,175
40,3167,176
41,3167,4678
42,3167,6870
43,3179,4678
44,100,96
45,82,5190
46,107,106
47,108,107
48,116,7944
49,117,8790
50,117,3793
51,3820,3798
52,3262,2787
53,3875,3264
54,3877,3821
55,2615,7933
56,2616,2068
57,2616,2073
58,2617,2615
59,2617,2068
60,2618,2615
61,2618,2073
62,2619,2615
63,2619,2616
64,2620,1875
65,2621,1875
66,2621,7943
67,3893,3891
68,150,3895
69,153,3890
70,153,3891
71,157,8933
72,8935,8933
73,163,3826
74,163,3827
75,163,3828
76,164,163
77,169,5619
78,9100,8933
79,175,8933
80,176,8934
81,177,175
82,188,4957
83,2625,2620
84,2626,192
85,2627,192
86,197,190
87,2337,5190
88,2359,3347
89,2359,4703
90,3682,2621
91,3691,202
92,204,190
93,3692,202
94,217,190
95,3703,3693
96,3703,3702
97,219,188
98,3704,3693
99,3704,3702
100,3728,1728
101,223,176
102,223,177
103,224,8934
104,225,8933
105,226,224
106,227,226
107,9110,226
108,9110,227
109,3751,452
110,3752,3751
111,3753,2621
112,9111,227
113,9147,227
114,3756,3681
115,3757,3756
116,3825,3756
117,3825,3757
118,9148,227
119,253,4604
120,258,253
121,9151,9148
122,9151,9150
123,9153,9151
124,9154,9150
125,9154,9151
126,9155,9150
127,9155,9151
128,9156,9150
129,9156,9151
130,3399,3249
131,3399,3250
132,289,253
133,289,254
134,290,253
135,291,4724
136,7307,6776
137,7308,7307
138,7309,7308
139,307,7797
140,307,7798
141,307,7799
142,308,307
143,309,308
144,9157,320
145,9193,9158
146,3400,3399
147,3401,3399
148,3401,3251
149,3427,3400
150,3428,3400
151,337,5254
152,339,6805
153,342,6804
154,5256,333
155,346,6804
156,3916,3249
157,3916,190
158,3918,3916
159,3826,1872
160,3827,8238
161,3828,3826
162,3828,3827
163,355,363
164,5258,2096
165,9163,3918
166,5259,1873
167,5260,1873
168,360,2129
169,3918,5653
170,5266,2129
171,363,7598
172,5267,2129
173,365,363
174,10313,2129
175,10328,2129
176,3920,3918
177,10330,10329
178,371,8006
179,371,8014
180,371,8015
181,371,8017
182,371,8019
183,371,8020
184,371,8021
185,371,8016
186,371,8018
187,371,8022
188,10332,10329
189,373,8006
190,373,8014
191,373,8015
192,373,8017
193,373,8019
194,373,8020
195,373,8021
196,373,8016
197,373,8018
198,374,10332
199,376,375
200,9194,9151
201,9194,375
202,9195,375
203,9196,375
204,9196,9194
205,9197,9196
206,9198,9195
207,9198,9196
208,9199,9197
209,9199,9198
210,9207,9199
211,9208,9199
212,9209,9199
213,9210,9197
214,9210,9199
215,9211,9197
216,9215,9194
217,9216,9150
218,391,4959
219,399,6784
220,5268,2110
221,5268,8005
222,5269,481
223,5269,8005
224,5270,481
225,5271,481
226,405,8006
227,405,8014
228,405,8015
229,405,8017
230,405,8019
231,405,8020
232,405,8021
233,405,8016
234,405,8018
235,405,8022
236,407,405
237,407,8006
238,407,8014
239,407,8015
240,407,8017
241,407,8019
242,407,8020
243,407,8021
244,407,8016
245,407,8018
246,407,8022
247,408,3918
248,408,4680
249,409,8006
250,409,8014
251,409,8015
252,409,8017
253,409,8019
254,409,8020
255,409,8021
256,409,8016
257,409,8018
258,409,8022
259,411,8006
260,411,8014
261,411,8015
262,411,8017
263,411,8019
264,411,8020
265,411,8021
266,411,8016
267,411,8018
268,411,8022
269,413,408
270,413,4678
271,5288,3751
272,5289,5288
273,5289,1876
274,5290,3751
275,5290,5288
276,5290,5289
277,5297,5290
278,5297,1876
279,5298,3751
280,5298,5288
281,5298,5290
282,425,5289
283,425,5297
284,425,1876
285,426,5288
286,426,5290
287,426,425
288,429,8124
289,5311,427
290,5311,428
291,434,428
292,434,5311
293,435,5311
294,435,434
295,436,7935
296,436,7936
297,436,8124
298,437,427
299,437,428
300,438,8129
301,438,8131
302,438,8132
303,439,438
304,439,8129
305,439,8130
306,439,8132
307,440,428
308,441,437
309,441,440
310,443,438
311,443,439
312,443,8129
313,443,8130
314,443,8132
315,445,444
316,446,444
317,447,351
318,447,8122
319,447,8095
320,448,446
321,448,2111
322,449,446
323,449,2111
324,5264,3400
325,451,448
326,451,2111
327,452,351
328,452,447
329,452,8122
330,454,2111
331,455,2111
332,456,454
333,456,455
334,458,351
335,458,447
336,458,8122
337,9182,3400
338,461,5836
339,461,6648
340,464,447
341,465,5836
342,465,6648
343,466,459
344,5532,459
345,5264,3399
346,5264,5653
347,5264,5654
348,5542,459
349,5543,459
350,471,452
351,5544,459
352,5318,3400
353,10395,5544
354,10396,351
355,10400,10398
356,481,5836
357,481,7918
358,481,8005
359,10402,10401
360,486,3399
361,486,5318
362,491,3400
363,5320,3399
364,5320,404
365,5320,491
366,494,4680
367,5322,4681
368,5323,8879
369,5326,8879
370,511,5323
371,511,5331
372,5334,511
373,5337,511
374,7636,8006
375,7636,8014
376,7636,8015
377,7636,8017
378,7636,8019
379,7636,8020
380,7636,8021
381,7636,8016
382,7636,8018
383,7636,8022
384,7637,8122
385,7653,8122
386,5372,7666
387,5372,9159
388,5374,5334
389,5375,5334
390,5376,5334
391,5377,5374
392,5377,5375
393,5377,5376
394,5803,162
395,5803,5377
396,574,7945
397,574,8122
398,5804,5375
399,5804,5376
400,7224,351
401,7224,1728
402,7225,351
403,7225,7224
404,7226,351
405,7226,7224
406,7226,7225
407,7227,3729
408,7227,351
409,7228,7226
410,7229,426
411,7230,7227
412,7230,7228
413,7230,7229
414,588,2129
415,589,587
416,590,587
417,590,588
418,590,589
419,591,588
420,591,589
421,592,339
422,592,2102
423,592,2105
424,592,10615
425,592,10618
426,593,339
427,593,2102
428,593,2105
429,593,10615
430,593,10618
431,594,2129
432,596,351
433,596,2111
434,598,3824
435,598,7227
436,598,596
437,599,3824
438,599,7227
439,599,596
440,600,3824
441,600,7227
442,600,596
443,601,3824
444,601,7227
445,601,596
446,602,3729
447,602,3824
448,602,7225
449,602,7226
450,602,596
451,606,309
452,605,309
453,605,606
454,606,605
455,610,3751
456,611,452
457,612,452
458,614,610
459,614,612
460,615,8091
461,615,8138
462,616,8091
463,616,8138
464,617,616
465,618,8091
466,618,8138
467,619,618
468,9590,8091
469,9590,8138
470,10403,5532
471,10403,5542
472,10404,459
473,10404,10403
474,623,5532
475,624,459
476,625,10404
477,625,624
478,626,10403
479,627,457
480,628,463
481,628,627
482,2359,8876
483,2361,285
484,2362,5825
485,2363,5190
486,651,3378
487,651,3843
488,2378,4252
489,2378,5192
490,5805,5338
491,5805,6649
492,2379,5197
493,2379,5198
494,2379,5199
495,2379,10817
496,2380,5197
497,2380,5199
498,2380,10817
499,2381,5198
500,2381,5199
501,706,9931
502,706,705
503,708,7229
504,709,3729
505,709,707
506,709,708
507,709,1876
508,710,2111
509,711,596
510,711,710
511,712,596
512,712,710
513,712,2111
514,713,596
515,713,710
516,713,2111
517,714,710
518,770,603
519,5261,78
520,5308,4709
521,5308,9728
522,5595,5308
523,811,8418
524,811,8419
525,811,8420
526,812,8418
527,812,8419
528,812,8420
529,813,333
530,813,337
531,813,5254
532,813,5255
533,814,343
534,814,5256
535,814,348
536,5505,813
537,5506,5505
538,5507,813
539,818,337
540,818,813
541,818,5255
542,5510,343
543,5510,5256
544,5510,5507
545,5534,972
546,5765,5766
547,5769,5118
548,5770,8425
549,5771,8425
550,5773,8427
551,5773,8428
552,5775,5769
553,5776,8432
554,5777,8431
555,5777,8432
556,837,5779
557,839,105
558,844,5766
559,844,5765
560,971,4668
561,971,4672
562,971,1259
563,972,4662
564,972,9161
565,972,9162
566,975,971
567,988,6925
568,988,1542
569,994,972
570,996,972
571,1000,9166
572,1001,6784
573,1001,10169
574,1002,6784
575,1009,78
576,1011,1009
577,1011,1010
578,1015,7518
579,1016,7518
580,1016,1015
581,7552,7518
582,7553,987
583,5813,5377
584,10607,1011
585,10608,9832
586,10608,10181
587,7557,987
588,5813,5374
589,5813,5375
590,5813,5376
591,5818,5375
592,5818,4678
593,5837,2010
594,5847,395
595,5847,5819
596,5847,5837
597,5906,9923
598,5906,5819
599,5906,5837
600,1106,30
601,1107,10568
602,1109,392
603,7118,1110
604,1117,1110
605,7123,2123
606,1120,1110
607,1120,7123
608,6831,6783
609,6834,6781
610,6836,6834
611,6837,6838
612,6839,6783
613,6839,6834
614,6840,6783
615,1137,6831
616,6870,6781
617,6873,6781
618,6873,6783
619,7126,8836
620,7127,7120
621,7127,8836
622,7128,7123
623,7128,7126
624,7167,2119
625,7169,7168
626,6875,6873
627,6840,6839
628,1167,6783
629,1167,6873
630,6876,6831
631,6876,6873
632,1185,1184
633,6877,6839
634,6877,6875
635,6879,3249
636,1199,6878
637,1201,1180
638,1201,1184
639,1201,1200
640,1202,1200
641,1203,1180
642,1203,1201
643,1204,1199
644,7001,1204
645,7029,4724
646,7068,6781
647,1210,8934
648,1210,226
649,1211,9110
650,1211,9158
651,1212,9148
652,1212,375
653,9217,9197
654,9219,9217
655,9235,9196
656,9238,9219
657,9238,9235
658,9239,9219
659,1218,9195
660,1219,1218
661,9244,1218
662,9245,1218
663,9245,1219
664,1222,1218
665,1222,9244
666,1224,1218
667,1225,9235
668,1227,1226
669,7077,6783
670,7141,7077
671,1248,4962
672,1250,4957
673,1250,4961
674,1252,1250
675,1252,1251
676,1254,4967
677,1255,705
678,1255,706
679,1256,5762
680,1256,5782
681,1257,5788
682,1260,3704
683,1260,5788
684,1263,6795
685,1264,6784
686,1264,6795
687,1268,6825
688,1269,9185
689,1270,5780
690,1271,9187
691,1273,6827
692,1273,6828
693,8894,8893
694,8896,8895
695,8911,7920
696,8913,428
697,1356,1395
698,4655,3793
699,1371,9195
700,1372,9195
701,1372,1371
702,1373,1371
703,1374,1371
704,1374,1373
705,1375,9150
706,1375,9151
707,1375,1371
708,1397,1395
709,4657,2111
710,4657,1395
711,4655,4605
712,1422,7696
713,1439,7696
714,1440,10747
715,1442,1256
716,4658,116
717,4658,8790
718,4659,116
719,4659,8790
720,4660,8790
721,4661,116
722,4661,8790
723,1449,1440
724,1450,7696
725,1453,454
726,1453,1452
727,1454,1452
728,1455,1452
729,4664,4662
730,4664,4663
731,1463,1728
732,1494,5266
733,1531,1494
734,1533,1532
735,1534,10330
736,1535,1373
737,1535,1375
738,1536,1375
739,1536,1535
740,1537,1371
741,1537,1375
742,1538,9196
743,1538,1537
744,1539,1535
745,1539,1536
746,1540,8934
747,1540,1537
748,1541,1535
749,1542,1541
750,1543,1541
751,1543,1542
752,1544,1542
753,1544,1543
754,1546,1541
755,1546,1544
756,1548,10330
757,1577,1576
758,1578,1576
759,1578,1577
760,1579,1532
761,1579,1576
762,1580,5844
763,1582,5844
764,1638,1375
765,7691,355
766,7691,365
767,7782,371
768,7788,371
769,7789,7788
770,7818,7788
771,7818,7789
772,7823,547
773,7823,559
774,1707,6806
775,1722,1707
776,1726,458
777,1728,1727
778,1872,464
779,1873,452
780,1874,1872
781,1875,5834
782,1876,452
783,1876,1873
784,1877,452
785,1877,1873
786,1880,452
787,1934,7937
788,1935,7309
789,1935,309
790,1962,1934
791,1962,7937
792,1963,7309
793,1963,309
794,1982,8138
795,1982,8091
796,1983,8138
797,1983,8091
798,1984,1983
799,1984,8135
800,1985,1983
801,1985,8135
802,1985,8091
803,7271,7912
804,7271,7916
805,7268,7916
806,7268,8004
807,7305,7916
808,7305,8004
809,2047,7916
810,2047,8004
811,2048,7268
812,2048,7305
813,2048,7916
814,2048,8004
815,2050,7271
816,2050,7268
817,2050,7305
818,2050,2047
819,2050,2048
820,2050,2049
821,2054,331
822,2063,2055
823,2065,2055
824,2065,6805
825,2066,2055
826,2066,6804
827,2068,2067
828,2072,2071
829,2073,7817
830,2074,7789
831,2074,7818
832,2075,339
833,2075,342
834,2075,346
835,2075,7920
836,2075,7921
837,2075,7693
838,2075,7694
839,2076,339
840,2076,342
841,2076,346
842,2076,7920
843,2076,7921
844,2076,7693
845,2076,7694
846,2077,339
847,2077,342
848,2077,346
849,2077,7920
850,2077,7921
851,2077,7693
852,2077,7694
853,2078,339
854,2078,342
855,2078,346
856,2078,7920
857,2078,7921
858,2078,7693
859,2078,7694
860,2085,1983
861,2085,1984
862,2085,8135
863,2086,8138
864,2087,1984
865,2087,8137
866,2089,7811
867,2089,8092
868,2089,8093
869,2090,7811
870,2091,7810
871,2091,8094
872,2091,8096
873,2092,7595
874,2092,7598
875,2092,8092
876,2093,351
877,2093,7944
878,2094,8097
879,8238,461
880,8238,1872
881,2096,461
882,2096,1872
883,2097,1872
884,2098,452
885,2099,452
886,2100,452
887,2100,464
888,2101,452
889,2101,464
890,2102,331
891,2103,2053
892,2104,2065
893,2105,332
894,2105,2052
895,2105,2053
896,8244,7920
897,2107,452
898,2107,475
899,2107,481
900,2108,452
901,2108,475
902,2108,481
903,2108,2107
904,2110,5836
905,2110,7918
906,2110,8005
907,2111,2110
908,2112,6776
909,2112,7925
910,2113,7929
911,2114,475
912,2114,2112
913,2114,7926
914,2115,475
915,2115,2113
916,2115,7929
917,2116,2053
918,2119,342
919,2119,346
920,2120,342
921,2120,346
922,2121,2120
923,2122,346
924,2123,2122
925,2125,1984
926,2125,2085
927,2126,2086
928,2127,1985
929,2127,2087
930,2127,8137
931,2127,8091
932,2129,7920
933,2129,7921
934,2129,7693
935,2129,7694
936,2131,7920
937,2131,7921
938,2131,7693
939,2131,7694
940,2133,2079
941,2133,6807
942,2133,7922
943,2133,8095
944,2134,7922
945,2334,4712
946,2334,5189
947,2336,5825
948,2337,82
949,4665,9161
950,4665,5705
951,4666,9165
952,4669,5763
953,4668,4662
954,4672,5782
955,4678,5654
956,4679,5654
957,4680,6784
958,2359,2334
959,2360,2334
960,2361,2359
961,2363,2360
962,651,82
963,651,2337
964,651,5190
965,2378,4178
966,2379,4676
967,2379,4698
968,2380,4698
969,2381,4676
970,2381,4698
971,2754,8905
972,2757,2754
973,2760,2759
974,2762,2759
975,2496,8882
976,2497,9055
977,2765,2763
978,3021,3348
979,3022,2715
980,3022,4756
981,2531,2121
982,2602,7118
983,2603,26
984,2604,26
985,2605,9055
986,2609,9058
987,2610,9928
988,2611,2610
989,2613,2612
990,2614,2611
991,2616,2615
992,2616,7944
993,2617,7800
994,2617,7801
995,2618,7800
996,2618,7801
997,2619,7800
998,2619,7801
999,2626,2620
1000,2627,2626
1001,3025,2754
1002,3026,2757
1003,3027,2762
1004,3027,2763
1005,2644,2643
1006,2645,2643
1007,4683,9166
1008,4684,4682
1009,4685,4683
1010,4685,4684
1011,3040,5333
1012,4686,1263
1013,4686,4680
1014,4686,4685
1015,4687,9171
1016,4688,9172
1017,4780,9166
1018,4781,6784
1019,2666,6795
1020,3044,3041
1021,3045,3028
1022,3045,3041
1023,3045,3086
1024,3084,2763
1025,3084,4974
1026,3086,9021
1027,3084,3040
1028,3084,3087
1029,3084,8897
1030,3084,4757
1031,3092,5191
1032,2712,1184
1033,2717,2716
1034,2718,2716
1035,2719,1181
1036,2719,1182
1037,2724,8404
1038,2724,2723
1039,2727,2726
1040,3175,8895
1041,3176,8896
1042,3178,9022
1043,3185,8896
1044,2754,8876
1045,2756,2754
1046,2760,2754
1047,2760,2756
1048,2763,2759
1049,2763,2762
1050,2765,2757
1051,2765,2758
1052,2766,2763
1053,2768,2754
1054,3945,2769
1055,3945,3942
1056,3942,2769
1057,2773,3947
1058,4785,4781
1059,4785,2666
1060,4786,2666
1061,4795,4785
1062,4796,4785
1063,4796,4795
1064,4793,4785
1065,4794,4793
1066,4797,4786
1067,4797,6795
1068,4799,4786
1069,4798,4786
1070,4798,6795
1071,4800,4785
1072,2786,2769
1073,2786,3942
1074,2786,3947
1075,2786,3944
1076,2786,3943
1077,2786,3948
1078,2787,2769
1079,2787,3945
1080,2792,8790
1081,2792,4658
1082,2792,4659
1083,2792,4660
1084,2792,5762
1085,3957,2787
1086,3957,3955
1087,3959,5763
1088,3959,5809
1089,3959,3955
1090,3960,2793
1091,3960,3959
1092,3960,3955
1093,3963,2824
1094,2824,2769
1095,2824,2773
1096,2824,2787
1097,2824,3959
1098,2824,3960
1099,2832,2831
1100,2840,2831
1101,2840,2832
1102,2841,3963
1103,2841,2824
1104,2841,1257
1105,2842,3963
1106,2842,2841
1107,4803,1263
1108,4803,4785
1109,2848,4803
1110,2848,9167
1111,2849,4803
1112,4804,4803
1113,4804,9171
1114,4805,4803
1115,2852,4803
1116,2852,9168
1117,2853,4803
1118,2853,9170
1119,4957,1268
1120,4957,6825
1121,4963,4961
1122,4964,4961
1123,4965,4961
1124,4966,4964
1125,2868,4972
1126,2869,4972
1127,2870,4972
1128,2871,4972
1129,4974,4781
1130,4975,4961
1131,4976,4780
1132,3964,4663
1133,3964,4671
1134,4979,4786
1135,4980,4802
1136,4980,4969
1137,4980,4979
1138,77,6783
1139,3001,6781
1140,3001,6783
1141,3021,4722
1142,3023,6800
1143,3024,2759
1144,3024,6800
1145,3025,3024
1146,3025,8404
1147,3026,3024
1148,3028,3027
1149,3028,4703
1150,3029,2766
1151,3039,8879
1152,3040,2010
1153,3042,2760
1154,3042,2764
1155,3043,3025
1156,3043,2010
1157,3045,2763
1158,3045,2766
1159,3084,3044
1160,3085,3039
1161,3085,3040
1162,3085,3041
1163,3086,3045
1164,3087,3041
1165,3087,3044
1166,3188,8894
1167,3189,4886
1168,3189,8887
1169,3189,8897
1170,3190,4886
1171,3190,8887
1172,3190,8897
1173,3204,3189
1174,3204,3190
1175,3205,9022
1176,3205,8899
1177,3207,3178
1178,3207,9022
1179,3208,3345
1180,3208,5000
1181,3209,5333
1182,3161,5654
1183,3345,5827
1184,3345,5842
1185,3345,5843
1186,3345,6800
1187,3346,5842
1188,3346,5843
1189,3346,6800
1190,3347,4703
1191,3348,4704
1192,3349,2717
1193,3349,4756
1194,3173,7248
1195,3174,8873
1196,3175,4841
1197,3176,3175
1198,3177,8871
1199,3177,8872
1200,3185,3178
1201,3188,3185
1202,3189,3176
1203,3190,3175
1204,3190,3176
1205,3350,256
1206,3350,1582
1207,3351,5189
1208,3200,5191
1209,3202,5192
1210,3203,3173
1211,3205,3085
1212,3205,3177
1213,3205,3178
1214,3205,3188
1215,3206,3205
1216,3208,8890
1217,3209,3085
1218,3209,3188
1219,3209,3208
1220,3210,3206
1221,3210,3208
1222,3210,2010
1223,3225,6877
1224,3226,6877
1225,3230,77
1226,3243,3226
1227,3249,116
1228,3251,8790
1229,3,2792
1230,3253,6870
1231,3262,5655
1232,3263,5655
1233,3263,5707
1234,3264,5763
1235,9053,9044
1236,9053,9050
1237,9055,1707
1238,9065,1548
1239,9067,9044
1240,9071,10821
1241,9077,589
1242,9081,595
1243,3274,6875
1244,4,78
1245,4,4724
1246,3276,7977
1247,3277,7977
1248,3288,1583
1249,3291,2085
1250,3291,9797
1251,3274,3179
1252,3274,3230
1253,3317,4657
1254,3343,1266
1255,3344,3343
1256,3344,6800
1257,3346,5827
1258,3346,6802
1259,3347,8877
1260,3348,8878
1261,3350,9074
1262,3351,3092
1263,3351,9074
1264,3352,651
1265,3368,7248
1266,3379,3959
1267,3380,3378
1268,3380,9829
1269,3380,10170
1270,3381,3380
1271,3382,3378
1272,3382,3379
1273,3396,2842
1274,3396,3378
1275,3399,4700
1276,3399,8790
1277,3400,4658
1278,3490,78
1279,3520,3490
1280,3535,3490
1281,3535,3520
1282,3536,6783
1283,3536,6870
1284,3537,8933
1285,3537,8934
1286,3226,6781
1287,3230,8933
1288,3230,8934
1289,3230,6781
1290,3243,175
1291,3243,3225
1292,3243,6781
1293,3543,8933
1294,3543,175
1295,3543,3225
1296,3543,3226
1297,3546,3490
1298,3609,2787
1299,3625,3490
1300,3625,3617
1301,3647,3546
1302,3691,2620
1303,3691,2621
1304,3691,2623
1305,3691,3681
1306,3692,3691
1307,3693,2091
1308,3702,2091
1309,3728,447
1310,3751,3729
1311,3755,3753
1312,3756,3755
1313,3757,3755
1314,3757,1878
1315,4700,7944
1316,3793,2620
1317,3794,116
1318,3795,6648
1319,3795,2620
1320,3795,2623
1321,3798,2627
1322,3799,3916
1323,3804,3682
1324,3804,606
1325,3806,3691
1326,3806,3692
1327,3808,5262
1328,3814,3400
1329,3815,3916
1330,3815,5262
1331,3819,9195
1332,3821,3806
1333,9123,9797
1334,3823,3291
1335,3823,9120
1336,3823,9124
1337,3823,9797
1338,3824,1878
1339,3825,1878
1340,3826,3755
1341,3827,3755
1342,3828,3755
1343,3828,2098
1344,3829,78
1345,3829,4699
1346,3830,5261
1347,3830,9728
1348,3844,3843
1349,3862,1011
1350,3863,10608
1351,3863,3862
1352,3864,3396
1353,3865,1011
1354,3867,1249
1355,3868,1250
1356,3868,1251
1357,3868,1252
1358,3869,1253
1359,3869,9856
1360,3870,3867
1361,3870,3868
1362,3870,3869
1363,3871,3867
1364,3871,3869
1365,3873,3860
1366,3873,3872
1367,3873,10817
1368,3906,2831
1369,3907,2831
1370,3935,6784
1371,3942,1258
1372,3943,9159
1373,3944,9160
1374,3945,9161
1375,2769,9162
1376,3947,9164
1377,3948,1259
1378,2773,3948
1379,2786,4665
1380,2787,2786
1381,2787,5655
1382,3955,971
1383,3957,5707
1384,3957,971
1385,2824,4663
1386,3966,4681
1387,4015,5323
1388,2831,6785
1389,4020,2832
1390,10812,2832
1391,4023,2824
1392,4023,3963
1393,4024,3963
1394,2841,4023
1395,2842,4023
1396,3378,10169
1397,3379,994
1398,3379,9812
1399,3379,996
1400,4042,9812
1401,4042,10590
1402,4044,5338
1403,3380,10745
1404,3381,9812
1405,4051,5334
1406,3490,4697
1407,3490,4725
1408,3535,2832
1409,4058,5334
1410,3609,3535
1411,3609,5595
1412,4060,3378
1413,3617,5261
1414,3617,9728
1415,3617,10777
1416,4064,5707
1417,3647,3520
1418,4069,5374
1419,4070,5334
1420,4072,4070
1421,4077,9199
1422,4078,9199
1423,4079,4050
1424,3858,10183
1425,10814,1002
1426,10814,10183
1427,10814,10181
1428,3859,4042
1429,3859,3380
1430,3859,3381
1431,3859,4047
1432,3859,3396
1433,3859,1001
1434,3859,9832
1435,10816,1011
1436,4086,235
1437,4101,9195
1438,4102,9195
1439,4104,9197
1440,4107,9200
1441,3860,10816
1442,10817,10607
1443,3861,1010
1444,3864,3863
1445,3865,4699
1446,3872,9856
1447,3872,10741
1448,4177,3873
1449,4178,10817
1450,4140,1253
1451,4140,1252
1452,4198,4140
1453,4144,3380
1454,4145,4140
1455,4146,4140
1456,4199,10814
1457,4199,9166
1458,4200,10816
1459,4200,1001
1460,4173,3396
1461,4173,4200
1462,4201,3380
1463,4202,3381
1464,4203,3960
1465,4178,3860
1466,4178,3872
1467,4219,3863
1468,4223,3647
1469,4186,3647
1470,4244,4784
1471,4252,3859
1472,4252,10816
1473,4314,3863
1474,4195,3860
1475,4195,3873
1476,4195,10817
1477,4196,3860
1478,4196,4177
1479,4196,10817
1480,4140,3868
1481,4140,3869
1482,4198,3867
1483,4198,3868
1484,4198,3869
1485,4200,3378
1486,4200,3379
1487,4201,3378
1488,4201,3396
1489,4202,3378
1490,4202,3379
1491,4202,3380
1492,4203,3378
1493,4203,3379
1494,4203,3380
1495,4316,3859
1496,4723,4679
1497,4723,4682
1498,4209,4697
1499,4209,471
1500,4210,5308
1501,4211,4679
1502,4211,4682
1503,4212,116
1504,4318,3863
1505,4318,4219
1506,4319,10817
1507,4219,10608
1508,4321,4678
1509,4321,2652
1510,4222,1011
1511,4222,3865
1512,4225,5189
1513,4226,4086
1514,4232,994
1515,4232,996
1516,4232,9811
1517,4232,9812
1518,4232,10170
1519,4233,994
1520,4233,996
1521,4233,9811
1522,4233,9812
1523,4233,10170
1524,4234,971
1525,10609,1263
1526,4236,4972
1527,4237,4783
1528,4237,4784
1529,4237,4785
1530,4237,4794
1531,4237,4796
1532,4237,4800
1533,4238,4783
1534,4238,4784
1535,4238,4794
1536,4239,4783
1537,4239,4784
1538,4240,4783
1539,4240,4785
1540,4240,4786
1541,4240,4796
1542,4241,471
1543,4245,2609
1544,4252,4795
1545,4252,4796
1546,4259,4086
1547,4260,9200
1548,4262,3378
1549,4262,3379
1550,4262,4793
1551,4262,4794
1552,4262,4795
1553,4262,4796
1554,4314,10608
1555,4317,3378
1556,4317,3379
1557,4318,2620
1558,4319,3378
1559,4319,3379
1560,4320,3862
1561,4321,4679
1562,4321,4682
1563,4370,4678
1564,4370,4682
1565,4371,4683
1566,4371,4684
1567,4372,4683
1568,4372,4684
1569,4374,4237
1570,4374,4238
1571,4374,4321
1572,4374,4322
1573,4374,4370
1574,4374,4371
1575,4374,4372
1576,4375,4238
1577,4375,4321
1578,4375,4322
1579,4375,4371
1580,4375,4372
1581,4375,4373
1582,4375,4374
1583,4375,4800
1584,4376,4321
1585,4376,4322
1586,4376,4371
1587,4376,4372
1588,4376,162
1589,4377,4321
1590,4377,4371
1591,4377,162
1592,4378,4371
1593,4378,4372
1594,4379,3873
1595,4417,4178
1596,4417,4379
1597,4418,4178
1598,4418,4379
1599,4419,4178
1600,4420,10608
1601,4420,4378
1602,4420,4379
1603,4420,4418
1604,4420,4419
1605,4421,4418
1606,4421,4419
1607,4433,4373
1608,4433,4374
1609,4433,4378
1610,4433,4417
1611,4433,4418
1612,4433,4419
1613,4433,4421
1614,4434,9200
1615,4435,3860
1616,4435,3862
1617,26,428
1618,10568,24
1619,10569,30
1620,1106,1707
1621,4498,1107
1622,1108,1107
1623,4373,4784
1624,4373,4684
1625,4373,4786
1626,4374,4684
1627,4374,4685
1628,4553,4374
1629,4554,4802
1630,4554,4374
1631,4417,10817
1632,4417,3872
1633,4418,10817
1634,4418,3872
1635,4419,10817
1636,4420,3863
1637,4421,4417
1638,4433,4553
1639,4433,4554
1640,4435,10817
1641,4436,10817
1642,4436,3873
1643,4436,1253
1644,4706,4702
1645,4707,4702
1646,4707,4706
1647,4722,4706
1648,4576,8933
1649,4576,8934
1650,6888,8933
1651,6888,3230
1652,3253,3225
1653,3274,8933
1654,3274,175
1655,3274,3225
1656,3274,3253
1657,3274,6870
1658,3368,3253
1659,3368,6870
1660,3317,3225
1661,3317,3253
1662,3317,1395
1663,3317,6870
1664,3799,8934
1665,3808,8934
1666,3809,77
1667,3809,4724
1668,3809,8933
1669,3809,157
1670,7170,1110
1671,7170,7120
1672,7170,7126
1673,7170,7167
1674,8421,8420
1675,8422,8420
1676,8424,8420
1677,8427,8426
1678,8428,8427
1679,8430,8420
1680,8431,8420
1681,4607,2715
1682,4607,2717
1683,4756,4722
1684,4756,2717
1685,4757,4966
1686,4757,4970
1687,4775,4970
1688,4776,4971
1689,4791,4964
1690,4757,4965
1691,4757,4976
1692,4657,454
1693,4662,1259
1694,4663,4662
1695,4663,8830
1696,4667,4666
1697,4672,4660
1698,4999,4998
1699,4676,9207
1700,4677,4106
1701,4679,4678
1702,4681,4782
1703,4684,6795
1704,4685,6795
1705,4688,4686
1706,4842,8903
1707,4886,4965
1708,4842,4841
1709,4693,4886
1710,4887,4841
1711,4887,4842
1712,78,4604
1713,78,5762
1714,4697,4604
1715,4698,4106
1716,5000,8891
1717,5001,5000
1718,5191,2606
1719,5191,9927
1720,4719,9158
1721,4720,4697
1722,3798,3793
1723,3806,3793
1724,4746,3795
1725,4746,3804
1726,3814,4724
1727,3814,3399
1728,3815,3814
1729,3819,3916
1730,3880,3916
1731,4015,5326
1732,4015,5334
1733,4044,5323
1734,4044,5326
1735,4044,5330
1736,4044,5333
1737,4044,5334
1738,4058,4051
1739,4069,8934
1740,4069,5334
1741,4070,8934
1742,4070,5330
1743,4079,8934
1744,4079,5334
1745,4077,375
1746,4077,9195
1747,4086,375
1748,4086,9195
1749,4775,4757
1750,4776,4967
1751,4783,9166
1752,4784,4783
1753,5192,4178
1754,5199,5000
1755,5199,5192
1756,4793,4782
1757,4795,4782
1758,4797,1259
1759,4101,376
1760,4101,3916
1761,4101,3809
1762,4101,3814
1763,4101,3819
1764,4102,376
1765,4102,3880
1766,4838,9195
1767,4838,9196
1768,4838,162
1769,4104,9195
1770,4104,7946
1771,4841,4969
1772,4841,8893
1773,4842,4969
1774,4107,375
1775,4107,4106
1776,4107,4957
1777,4886,4969
1778,4886,8893
1779,4225,190
1780,4225,6784
1781,4226,190
1782,4226,1258
1783,4259,375
1784,4259,376
1785,4259,9195
1786,5842,5827
1787,5842,5828
1788,5843,4706
1789,5843,4886
1790,5843,5827
1791,4961,9184
1792,4966,4961
1793,4967,4961
1794,4971,4965
1795,4971,4970
1796,4972,1263
1797,4978,4974
1798,4979,4975
1799,4998,2831
1800,4998,2832
1801,4999,2831
1802,4999,2832
1803,4999,2840
1804,5000,4702
1805,5000,4703
1806,5001,4703
1807,3876,114
1808,3899,3898
1809,5141,5283
1810,5142,5283
1811,5142,5653
1812,5189,4703
1813,5190,5189
1814,5191,4703
1815,5193,5192
1816,5195,2832
1817,5195,10812
1818,5196,2831
1819,5196,2832
1820,5197,5000
1821,5198,4886
1822,5200,2605
1823,5202,2605
1824,5256,5254
1825,4260,9195
1826,4260,4957
1827,5258,3755
1828,5259,3755
1829,5259,2099
1830,5259,2101
1831,5260,3755
1832,5260,5259
1833,5262,190
1834,5263,3916
1835,5264,194
1836,5267,8836
1837,5268,2050
1838,5269,2050
1839,5270,2050
1840,5271,2050
1841,4434,9208
1842,4434,190
1843,4676,9208
1844,4677,9196
1845,4698,9207
1846,4698,9208
1847,4708,4957
1848,4708,375
1849,5291,5296
1850,5296,4708
1851,5297,5289
1852,5300,5298
1853,5306,8871
1854,435,428
1855,5318,4140
1856,5320,6784
1857,5322,3380
1858,5332,9058
1859,5333,2010
1860,5334,190
1861,4719,9150
1862,4719,4957
1863,4719,375
1864,4719,190
1865,6889,376
1866,6889,4719
1867,5292,9150
1868,5292,5291
1869,5292,204
1870,5293,5292
1871,5294,5293
1872,5294,204
1873,5296,9217
1874,5296,9235
1875,5296,4957
1876,5296,5293
1877,5296,5372
1878,5296,194
1879,5296,5241
1880,5301,9151
1881,5301,4957
1882,5301,4959
1883,5301,4719
1884,5301,5616
1885,5304,9150
1886,5304,9151
1887,5304,4719
1888,5304,5301
1889,5306,190
1890,5306,6784
1891,5371,4678
1892,5371,4957
1893,5371,5301
1894,5371,3905
1895,5371,4708
1896,5371,4719
1897,5371,190
1898,6890,1226
1899,6890,5620
1900,6891,1226
1901,6891,6800
1902,5390,1371
1903,5390,4725
1904,5521,1371
1905,5522,1371
1906,5522,5334
1907,5371,1224
1908,5371,1225
1909,5375,204
1910,5377,4140
1911,5390,4078
1912,5390,1373
1913,440,437
1914,441,428
1915,444,3824
1916,445,3824
1917,446,3824
1918,448,3824
1919,449,3824
1920,449,444
1921,451,3824
1922,451,445
1923,813,8421
1924,5505,333
1925,5505,337
1926,5506,9044
1927,5507,3249
1928,5510,814
1929,5521,3819
1930,5522,4079
1931,5523,4086
1932,466,8836
1933,5532,466
1934,5533,813
1935,5534,814
1936,5534,3955
1937,5540,9195
1938,5541,7001
1939,5541,3378
1940,5542,466
1941,5545,3819
1942,5545,3880
1943,5545,4079
1944,5545,9199
1945,5596,4679
1946,5619,121
1947,5619,452
1948,5620,5283
1949,217,6785
1950,219,9159
1951,5655,7802
1952,5705,5655
1953,5706,163
1954,5706,164
1955,5706,5656
1956,5762,169
1957,5763,169
1958,5764,6781
1959,5764,3955
1960,5766,5765
1961,5767,5766
1962,5768,8418
1963,5769,5768
1964,5770,5768
1965,5772,8425
1966,5772,5768
1967,5773,8426
1968,5774,8431
1969,5776,5770
1970,5777,5776
1971,5778,5769
1972,5778,5770
1973,5779,8431
1974,5779,5778
1975,5780,169
1976,5781,5762
1977,5782,5706
1978,5782,5762
1979,5782,5781
1980,5783,5654
1981,5786,1371
1982,5787,9148
1983,5788,1256
1984,5788,5781
1985,5803,5374
1986,5803,5375
1987,5803,5376
1988,5806,5784
1989,5809,5781
1990,5810,5706
1991,5811,5784
1992,5813,5318
1993,5813,204
1994,5816,6784
1995,5817,4321
1996,5818,4321
1997,5818,4681
1998,5819,30
1999,5820,30
2000,5523,9181
2001,5824,4757
2002,5824,5189
2003,5824,5190
2004,5825,3868
2005,5540,5523
2006,5541,452
2007,5541,351
2008,5545,375
2009,5545,4957
2010,5784,9150
2011,5784,9151
2012,5784,190
2013,5784,4725
2014,5841,394
2015,5845,5844
2016,5846,5844
2017,5846,6307
2018,5848,5844
2019,5850,5826
2020,5850,5843
2021,5906,1109
2022,3232,105
2023,5787,9151
2024,5910,9150
2025,5910,5372
2026,5910,190
2027,5806,9150
2028,5806,9151
2029,5806,376
2030,5806,9195
2031,5806,4957
2032,5917,9150
2033,5917,9151
2034,5917,375
2035,5917,190
2036,5922,1371
2037,5922,1375
2038,5922,190
2039,5922,9196
2040,5922,4957
2041,5916,1375
2042,5917,5784
2043,4210,5261
2044,4210,9728
2045,4209,481
2046,5921,471
2047,5921,1394
2048,5979,3225
2049,6104,5769
2050,837,5768
2051,837,5778
2052,6107,5616
2053,6107,5768
2054,839,6107
2055,839,5773
2056,988,5296
2057,988,6107
2058,841,839
2059,6307,5844
2060,6308,5844
2061,6308,6307
2062,6409,5814
2063,7596,6409
2064,7595,6409
2065,7595,7596
2066,7597,6409
2067,7597,7595
2068,7599,6409
2069,7598,6409
2070,7598,7599
2071,7600,7598
2072,7626,6646
2073,7626,6647
2074,6646,7620
2075,6646,6556
2076,6647,7581
2077,6647,5834
2078,6647,6646
2079,6648,6646
2080,6649,6646
2081,6649,6647
2082,6774,6409
2083,6774,7595
2084,6774,7597
2085,6774,7601
2086,6774,6420
2087,6775,6409
2088,6775,7596
2089,6775,7595
2090,6775,7597
2091,6775,7601
2092,6775,6420
2093,6776,6409
2094,6776,7596
2095,6776,7595
2096,6776,7597
2097,6776,7601
2098,6776,6420
2099,6777,6409
2100,6777,7596
2101,6777,7595
2102,6777,7601
2103,6777,6420
2104,7797,7599
2105,7797,7598
2106,7797,7600
2107,7797,7602
2108,7797,6420
2109,7798,7599
2110,7798,7598
2111,7798,7600
2112,7798,7602
2113,7798,6420
2114,7799,7599
2115,7799,7598
2116,7799,7600
2117,7799,7602
2118,7799,6420
2119,6794,6409
2120,6794,7596
2121,6794,7599
2122,6794,7598
2123,6794,7600
2124,6794,7602
2125,6794,6420
2126,6795,6784
2127,6800,5620
2128,6802,6800
2129,6826,6800
2130,6827,9190
2131,6828,9192
2132,6836,5780
2133,6873,6870
2134,6877,6840
2135,6889,9195
2136,6890,10741
2137,6891,9637
2138,6924,5784
2139,6924,9150
2140,6925,9150
2141,6926,5784
2142,6928,1371
2143,6930,6928
2144,6930,6929
2145,7800,7595
2146,7800,6420
2147,7801,7598
2148,7801,6420
2149,7802,7595
2150,7802,6420
2151,7803,6420
2152,7804,6420
2153,7804,7076
2154,7805,6420
2155,7806,6420
2156,7808,7807
2157,7811,6648
2158,7811,6646
2159,7811,6647
2160,7001,7971
2161,7029,5250
2162,1110,2120
2163,7812,6409
2164,7812,7597
2165,7812,7600
2166,7070,7596
2167,7070,7599
2168,7813,7595
2169,7813,7598
2170,7813,7601
2171,7813,7602
2172,7813,6420
2173,7072,7596
2174,7072,7595
2175,7073,7599
2176,7073,7598
2177,7073,7600
2178,7073,7602
2179,7073,6420
2180,7815,7599
2181,7815,7598
2182,7815,7600
2183,7815,7602
2184,7815,6420
2185,7075,7599
2186,7075,7598
2187,7075,7600
2188,7075,7602
2189,7075,6420
2190,7076,6409
2191,7076,7595
2192,7076,7597
2193,7076,7601
2194,7076,6420
2195,7077,3883
2196,7078,7077
2197,7094,7077
2198,7118,393
2199,7118,2121
2200,1117,342
2201,1117,2120
2202,1117,8836
2203,7122,2123
2204,1120,2120
2205,1120,2122
2206,7127,342
2207,7127,7126
2208,7128,346
2209,7128,8836
2210,5785,77
2211,5785,8934
2212,5785,3225
2213,5785,3226
2214,5979,9150
2215,5979,9151
2216,5979,77
2217,5979,8934
2218,5979,3226
2219,5979,3230
2220,7170,346
2221,7170,2122
2222,7171,8836
2223,7172,8836
2224,7174,9498
2225,5979,1375
2226,6924,9151
2227,6924,1375
2228,6924,4957
2229,6925,9151
2230,6925,1375
2231,6925,4957
2232,6926,9151
2233,6926,1375
2234,6928,1227
2235,6928,1375
2236,6929,1227
2237,6929,1638
2238,6930,1375
2239,7224,1726
2240,7224,1727
2241,7225,1726
2242,7225,1727
2243,7226,1726
2244,7226,1727
2245,7227,452
2246,7227,1726
2247,7227,1727
2248,7227,1875
2249,7228,7227
2250,7229,7227
2251,7248,8868
2252,8872,8871
2253,8880,2053
2254,8892,8891
2255,9021,2117
2256,9022,8895
2257,8899,8886
2258,7264,10834
2259,7268,8002
2260,8905,1721
2261,7271,8004
2262,8910,7920
2263,8914,8913
2264,9051,2065
2265,7307,7802
2266,7308,7924
2267,7310,7308
2268,7310,7309
2269,308,7927
2270,308,7928
2271,339,332
2272,342,332
2273,346,332
2274,346,342
2275,7334,351
2276,365,355
2277,7912,6646
2278,7913,7626
2279,7913,6646
2280,7913,6647
2281,7913,7912
2282,7914,6556
2283,7914,7626
2284,7914,6646
2285,7914,6647
2286,7914,7912
2287,7914,7913
2288,7915,6556
2289,7915,7626
2290,7915,6646
2291,7915,6647
2292,7915,7912
2293,7915,7913
2294,7915,7914
2295,7916,5835
2296,7916,6556
2297,7916,7626
2298,7916,6646
2299,7916,7912
2300,7916,7913
2301,7916,7914
2302,7918,5836
2303,7918,6557
2304,7918,6648
2305,7919,6803
2306,7919,6806
2307,7920,6803
2308,7920,6804
2309,7921,6803
2310,7921,6805
2311,7922,6804
2312,7922,6805
2313,7922,6806
2314,407,373
2315,409,373
2316,409,405
2317,411,407
2318,411,409
2319,438,7807
2320,438,8130
2321,842,839
2322,842,841
2323,7490,9797
2324,843,841
2325,843,842
2326,447,7333
2327,481,6648
2328,481,475
2329,844,839
2330,986,5534
2331,986,839
2332,987,5773
2333,7518,988
2334,7518,843
2335,1014,5296
2336,1014,7518
2337,1015,988
2338,7552,1015
2339,7553,844
2340,7553,7518
2341,7554,5770
2342,7555,843
2343,7555,7554
2344,7556,7555
2345,7557,7518
2346,7557,7555
2347,7558,7555
2348,7580,7555
2349,7580,7558
2350,7581,5814
2351,7581,5485
2352,5834,7581
2353,5834,5835
2354,5835,5836
2355,7593,5814
2356,7593,5835
2357,5836,5835
2358,5836,6557
2359,7596,7595
2360,7600,6409
2361,7600,7599
2362,7601,7593
2363,7601,7595
2364,7601,7602
2365,7602,7593
2366,7602,7601
2367,7618,5485
2368,7620,7595
2369,7620,7596
2370,7620,7597
2371,7620,7618
2372,7621,7595
2373,7621,7596
2374,7621,7597
2375,7621,7618
2376,6555,7595
2377,6555,7596
2378,6555,7597
2379,6556,5834
2380,6556,5835
2381,7626,6649
2382,6646,7621
2383,6647,6556
2384,6647,6648
2385,7629,5835
2386,7629,6646
2387,7629,6774
2388,7636,405
2389,7637,7636
2390,7653,7636
2391,121,1875
2392,549,547
2393,7667,606
2394,554,411
2395,559,554
2396,5620,7665
2397,7693,6804
2398,7693,6805
2399,7693,6806
2400,7694,6804
2401,7694,6805
2402,7694,6806
2403,7694,7693
2404,7923,5844
2405,7923,6308
2406,7696,5844
2407,7696,6308
2408,162,436
2409,162,1266
2410,5653,6648
2411,7924,7596
2412,7924,7595
2413,7924,7597
2414,7924,7601
2415,7924,6420
2416,7924,7070
2417,7924,7813
2418,7924,7072
2419,7925,7596
2420,7925,7595
2421,7925,7597
2422,7925,7599
2423,7925,7601
2424,7925,6420
2425,7925,6774
2426,7925,6775
2427,7925,6776
2428,7925,7800
2429,7925,7802
2430,7925,7803
2431,7925,7805
2432,7925,7806
2433,7925,7812
2434,7925,7070
2435,7925,7813
2436,7925,7072
2437,7926,7596
2438,7926,7595
2439,7926,7597
2440,7926,7601
2441,7926,6420
2442,7926,6774
2443,7926,6775
2444,7926,6776
2445,7926,6777
2446,7926,7800
2447,7926,7802
2448,7926,7803
2449,7926,7805
2450,7926,7806
2451,7926,7070
2452,7926,7813
2453,7926,7072
2454,7747,7596
2455,7747,7595
2456,7747,7597
2457,7747,7601
2458,7747,6420
2459,7747,6774
2460,7747,6775
2461,7747,6776
2462,7747,6777
2463,7747,7800
2464,7747,7802
2465,7747,7803
2466,7747,7805
2467,7747,7806
2468,7747,7812
2469,7747,7070
2470,7747,7813
2471,7747,7072
2472,7927,7599
2473,7927,7598
2474,7927,7600
2475,7927,7602
2476,7927,6420
2477,7927,7797
2478,7927,7798
2479,7927,7799
2480,7927,7801
2481,7927,7073
2482,7927,7815
2483,7927,7075
2484,7927,7076
2485,7928,7598
2486,7928,7600
2487,7928,7602
2488,7928,6420
2489,7928,7797
2490,7928,7798
2491,7928,7799
2492,7928,7801
2493,7928,7073
2494,7928,7815
2495,7928,7075
2496,7929,7598
2497,7929,7600
2498,7929,7602
2499,7929,6420
2500,7929,7797
2501,7929,7798
2502,7929,7799
2503,7929,7804
2504,7929,7073
2505,7929,7815
2506,7929,7075
2507,7751,7599
2508,7751,7598
2509,7751,7600
2510,7751,7602
2511,7751,6420
2512,7751,7797
2513,7751,7798
2514,7751,7799
2515,7751,7073
2516,7751,7815
2517,7751,7075
2518,163,7595
2519,163,7598
2520,7930,7595
2521,7930,7598
2522,7930,7800
2523,7930,7801
2524,7932,7747
2525,7932,7751
2526,7932,7930
2527,7933,7800
2528,7933,7801
2529,7934,6453
2530,7935,7934
2531,7936,7934
2532,7937,7934
2533,7937,7935
2534,7937,7936
2535,5655,7800
2536,164,7598
2537,5656,7930
2538,5705,7930
2539,7781,7690
2540,7782,7691
2541,7788,7781
2542,7790,6646
2543,6648,5836
2544,6648,6557
2545,6648,7790
2546,6774,6775
2547,6775,6774
2548,6775,6776
2549,6776,6774
2550,6776,6775
2551,7797,7798
2552,7798,7797
2553,7799,7797
2554,7799,7798
2555,7800,7805
2556,7800,7806
2557,7801,7800
2558,7802,7813
2559,7803,7595
2560,7803,7618
2561,7803,7802
2562,7804,7618
2563,7804,6409
2564,7805,7595
2565,7805,7597
2566,7805,7806
2567,7805,7812
2568,7805,7813
2569,7806,7595
2570,7806,7597
2571,7806,7805
2572,7806,7812
2573,7806,7813
2574,7811,7626
2575,7811,6649
2576,7811,7809
2577,7811,7810
2578,7812,7813
2579,7813,6409
2580,7813,7800
2581,7813,7803
2582,7813,7806
2583,7813,7805
2584,7815,6409
2585,7815,7801
2586,7815,7804
2587,7818,7817
2588,7939,6456
2589,7939,6804
2590,7939,6805
2591,7939,6806
2592,7940,7919
2593,7940,7920
2594,7940,7921
2595,7940,7693
2596,7940,7694
2597,7822,7938
2598,7822,7939
2599,7822,7940
2600,7823,355
2601,7941,7596
2602,7941,7916
2603,7942,7941
2604,7943,7916
2605,7943,7941
2606,7943,7942
2607,7944,7942
2608,7945,7942
2609,9090,9049
2610,9091,9049
2611,9063,1531
2612,9066,9064
2613,5707,7944
2614,5761,7944
2615,5763,2617
2616,1255,169
2617,1255,351
2618,5780,7944
2619,5781,2616
2620,5781,5619
2621,5782,2619
2622,9098,9067
2623,9098,10821
2624,9078,1576
2625,9078,9072
2626,9079,9077
2627,9080,1576
2628,9080,9078
2629,9082,1581
2630,9082,9072
2631,7862,9081
2632,7863,1581
2633,7866,1583
2634,7867,8135
2635,9797,8135
2636,3291,8137
2637,9120,8137
2638,1935,7310
2639,1935,1933
2640,7912,7629
2641,7912,7913
2642,7912,7943
2643,7912,7944
2644,7913,6649
2645,7914,7629
2646,7914,7915
2647,7915,7629
2648,7916,7618
2649,7916,7629
2650,7916,7915
2651,7923,7921
2652,7924,6646
2653,7924,7802
2654,7925,6646
2655,7926,7914
2656,7927,6646
2657,7928,6646
2658,7929,6646
2659,7929,7914
2660,7932,7595
2661,7932,7598
2662,7933,7595
2663,7933,7597
2664,7933,7598
2665,7933,7600
2666,7936,7935
2667,7936,7937
2668,7941,6649
2669,7941,7809
2670,7941,7811
2671,7942,6646
2672,7942,6649
2673,7943,6646
2674,7943,6649
2675,7943,7800
2676,7944,6646
2677,7944,6649
2678,7944,7943
2679,7944,7945
2680,7945,7943
2681,7945,7944
2682,7949,4961
2683,7950,4961
2684,7950,7947
2685,7951,3868
2686,7951,7947
2687,7951,7950
2688,7952,4961
2689,7953,7949
2690,7957,5828
2691,7958,5828
2692,7960,2769
2693,254,3957
2694,254,2824
2695,254,4604
2696,278,4604
2697,5248,4604
2698,285,4604
2699,287,4604
2700,289,4604
2701,7977,3829
2702,5250,4604
2703,5254,8419
2704,8001,7626
2705,8001,7913
2706,8001,8027
2707,8002,6646
2708,8002,7914
2709,8002,8027
2710,8002,8001
2711,8003,7595
2712,8003,6774
2713,8003,6775
2714,8003,6776
2715,8003,7915
2716,8004,7618
2717,8004,7629
2718,8004,7912
2719,8004,7916
2720,8004,8027
2721,8005,6557
2722,8005,7790
2723,8005,6648
2724,8005,7918
2725,8006,6646
2726,8006,7942
2727,8006,7943
2728,8006,7944
2729,8006,7945
2730,8014,6646
2731,8014,7942
2732,8014,7943
2733,8014,7944
2734,8014,7945
2735,8015,6646
2736,8015,7942
2737,8015,7943
2738,8015,7944
2739,8015,7945
2740,8016,6646
2741,8016,7942
2742,8016,7943
2743,8016,7944
2744,8016,7945
2745,8017,6646
2746,8017,7942
2747,8017,7943
2748,8017,7944
2749,8017,7945
2750,8018,6646
2751,8018,7942
2752,8018,7943
2753,8018,7944
2754,8018,7945
2755,8019,6646
2756,8019,7942
2757,8019,7943
2758,8019,7944
2759,8019,7945
2760,8020,6646
2761,8020,7942
2762,8020,7943
2763,8020,7944
2764,8020,7945
2765,8021,8006
2766,8021,8014
2767,8021,8015
2768,8021,8016
2769,8021,8017
2770,8021,8018
2771,8021,8019
2772,8021,8020
2773,8022,7593
2774,8022,8006
2775,8022,8014
2776,8022,8015
2777,8022,8016
2778,8022,8017
2779,8022,8018
2780,8022,8019
2781,8022,8020
2782,8022,8021
2783,8023,6646
2784,8027,6556
2785,8027,6646
2786,8027,7912
2787,8027,7913
2788,8001,6556
2789,8001,6646
2790,8001,7912
2791,8001,7914
2792,8001,7915
2793,8002,6556
2794,8002,7626
2795,8002,6647
2796,8002,7913
2797,8002,7915
2798,8003,6555
2799,8003,7626
2800,8003,7913
2801,8005,5836
2802,8006,7941
2803,8014,7941
2804,8015,7941
2805,8017,7941
2806,8019,7941
2807,8020,7941
2808,8021,7941
2809,8021,7942
2810,8021,7943
2811,8021,7944
2812,8021,7945
2813,8023,7941
2814,8023,7942
2815,8023,7943
2816,8023,7944
2817,8023,7945
2818,8122,7941
2819,8122,7942
2820,8122,7943
2821,8122,7944
2822,8122,7945
2823,8123,7934
2824,8124,7935
2825,8124,7936
2826,8125,7934
2827,8126,7934
2828,8127,7937
2829,8129,7807
2830,8129,7808
2831,8130,7807
2832,8130,7808
2833,8131,7807
2834,8131,7808
2835,8131,8129
2836,8131,8130
2837,8132,7807
2838,8132,7808
2839,8132,8129
2840,8132,8130
2841,8133,7807
2842,8133,7808
2843,8133,8129
2844,8133,8130
2845,8134,7807
2846,8134,7808
2847,8134,8129
2848,8134,8130
2849,8135,7938
2850,8135,7939
2851,8135,7822
2852,8092,7811
2853,8093,7811
2854,8093,8023
2855,8094,8097
2856,8095,8094
2857,8095,8097
2858,8096,8094
2859,8096,8095
2860,8096,8097
2861,8097,8094
2862,8097,8095
2863,8097,8096
2864,5788,7809
2865,5788,3703
2866,5788,7810
2867,1256,7944
2868,1256,5788
2869,8830,7944
2870,8830,351
2871,8831,5788
2872,8831,1256
2873,9160,7944
2874,9164,5788
2875,8122,7621
2876,8122,7626
2877,8123,7935
2878,8123,7936
2879,8123,7937
2880,8123,8124
2881,8123,8127
2882,8124,7934
2883,8124,7937
2884,8124,8123
2885,8125,7935
2886,8125,7936
2887,8126,7935
2888,8126,7936
2889,8127,7934
2890,8127,7935
2891,8127,7936
2892,8127,8123
2893,8127,8124
2894,8130,8129
2895,8130,8131
2896,8130,8132
2897,8132,8131
2898,8132,8133
2899,8133,8131
2900,8133,8132
2901,8134,8131
2902,8134,8132
2903,8134,8133
2904,8136,7939
2905,8136,7940
2906,8136,8135
2907,8136,8137
2908,8136,8138
2909,8137,7939
2910,8137,7940
2911,8138,8135
2912,8138,8136
2913,8138,8137
2914,5808,5780
2915,5809,7944
2916,5809,351
2917,1963,7310
2918,1963,1961
2919,8016,7941
2920,8018,7941
2921,1984,8138
2922,1260,7595
2923,1260,7598
2924,6785,5788
2925,6785,6784
2926,1261,606
2927,1261,605
2928,1262,1260
2929,2050,7918
2930,2050,8005
2931,8022,7941
2932,8022,7942
2933,8022,7943
2934,8022,7944
2935,8022,7945
2936,2054,11214
2937,2066,2065
2938,2068,559
2939,9166,9164
2940,6795,5810
2941,6795,9166
2942,6795,5809
2943,9171,6784
2944,9171,1263
2945,9172,6784
2946,2098,8238
2947,2099,2096
2948,2100,2097
2949,2101,2099
2950,2101,2100
2951,2103,2052
2952,2104,2052
2953,2105,2104
2954,10618,332
2955,10618,2053
2956,6800,1266
2957,6800,2116
2958,6801,6800
2959,6801,7665
2960,6801,5653
2961,9181,5788
2962,9181,6784
2963,1267,6801
2964,6825,6800
2965,6825,6801
2966,1268,2621
2967,1268,6784
2968,1268,1456
2969,9184,6784
2970,9184,9181
2971,1269,6784
2972,1270,2621
2973,1270,6784
2974,1270,1456
2975,9186,6784
2976,9186,9181
2977,1271,6825
2978,1271,1268
2979,1271,1269
2980,2719,360
2981,2117,2116
2982,2120,2119
2983,2122,2120
2984,8836,2120
2985,2711,8289
2986,1200,8289
2987,10572,1183
2988,8343,360
2989,8344,1184
2990,8344,8289
2991,8403,2717
2992,2725,8404
2993,8423,8418
2994,8423,8419
2995,8424,8418
2996,8424,8419
2997,8426,8420
2998,8429,8426
2999,8430,8426
3000,8433,8426
3001,8481,7309
3002,8481,309
3003,8481,7926
3004,8481,7929
3005,588,587
3006,591,587
3007,596,455
3008,3793,8791
3009,8794,4974
3010,3794,8790
3011,3794,3793
3012,7667,1875
3013,8830,5780
3014,8830,5781
3015,8831,8830
3016,8832,2053
3017,8832,7920
3018,8247,2053
3019,8247,7920
3020,601,600
3021,602,600
3022,10821,7248
3023,8878,8877
3024,8879,2053
3025,8879,11214
3026,8880,2063
3027,8880,11214
3028,8881,2053
3029,8881,11214
3030,8882,2053
3031,8882,11214
3032,8882,2055
3033,8883,2053
3034,8883,11214
3035,8883,2055
3036,8884,8871
3037,8885,2052
3038,8885,2053
3039,8885,11214
3040,8886,2053
3041,8887,2116
3042,8887,11235
3043,8889,8886
3044,8889,8887
3045,8890,8886
3046,8891,436
3047,8891,8877
3048,8893,11239
3049,8895,8893
3050,8896,8892
3051,8896,8893
3052,8897,8890
3053,8897,8896
3054,9022,8893
3055,8899,8896
3056,8899,8897
3057,8900,11214
3058,8901,11214
3059,8902,8879
3060,8902,11214
3061,8903,11214
3062,8904,7935
3063,8904,7936
3064,8905,1722
3065,8906,1722
3066,8910,7790
3067,8911,394
3068,8908,7936
3069,8908,2052
3070,8908,11214
3071,8913,6557
3072,8913,2052
3073,8914,8908
3074,8931,2121
3075,9021,8893
3076,9021,11239
3077,9044,8868
3078,9045,8868
3079,9050,8481
3080,9051,8481
3081,9052,2132
3082,9053,8481
3083,9054,8481
3084,9055,7919
3085,9058,7248
3086,9058,8879
3087,9060,7248
3088,9061,9057
3089,9062,2052
3090,9063,1494
3091,9064,1534
3092,9064,1574
3093,9065,9064
3094,9066,9065
3095,9068,9067
3096,9069,9067
3097,9070,9067
3098,9072,1575
3099,9079,10403
3100,9079,623
3101,9079,624
3102,9080,9079
3103,9081,395
3104,9083,2119
3105,9083,397
3106,9083,398
3107,9086,595
3108,9086,1581
3109,9052,9044
3110,9090,2052
3111,9091,2052
3112,9095,593
3113,9095,9067
3114,9096,593
3115,9096,9067
3116,9097,8877
3117,9097,8891
3118,9099,1578
3119,3289,8136
3120,3289,1983
3121,9797,1983
3122,9120,9044
3123,9120,9797
3124,9122,9797
3125,9122,10330
3126,9124,9796
3127,9126,9796
3128,3251,1444
3129,3250,1443
3130,9160,1256
3131,9161,1256
3132,9162,1256
3133,9167,6784
3134,9167,6795
3135,9168,6795
3136,9169,6784
3137,9169,6795
3138,9170,6784
3139,9170,6795
3140,9171,6795
3141,9172,6795
3142,9182,5842
3143,9185,9184
3144,9187,9186
3145,9190,9185
3146,9192,9187
3147,9193,4757
3148,9194,9148
3149,9194,9158
3150,9194,9193
3151,9201,2841
3152,9201,2842
3153,9202,7126
3154,9202,9660
3155,9207,9158
3156,9208,9158
3157,9208,4886
3158,9217,9150
3159,9232,5284
3160,9232,5285
3161,9232,5286
3162,9238,9158
3163,1219,3860
3164,1219,4418
3165,1219,4419
3166,9498,395
3167,7174,10573
3168,9516,8404
3169,9518,8913
3170,9519,1180
3171,9519,1184
3172,9527,459
3173,9527,466
3174,610,3729
3175,610,3824
3176,611,3751
3177,611,609
3178,5816,5374
3179,5816,5375
3180,5816,5376
3181,10603,3751
3182,10603,609
3183,612,3729
3184,612,609
3185,10604,612
3186,9539,6870
3187,9539,6873
3188,9540,1137
3189,9540,6870
3190,9541,162
3191,9541,6870
3192,9557,8135
3193,8902,2117
3194,10605,612
3195,10605,617
3196,9592,2117
3197,8896,9021
3198,8908,8906
3199,9660,8879
3200,9660,8908
3201,9660,9045
3202,9661,8879
3203,9661,9045
3204,1371,9158
3205,9060,9055
3206,9058,9055
3207,9062,8913
3208,5142,162
3209,9064,1548
3210,9064,1720
3211,9728,78
3212,9728,5261
3213,9070,2117
3214,9070,10821
3215,9746,9095
3216,9747,9096
3217,9748,9097
3218,9074,9072
3219,9073,9072
3220,9074,1583
3221,9786,8138
3222,9121,8138
3223,9122,2125
3224,9122,3291
3225,9122,8138
3226,9811,10169
3227,9829,994
3228,9829,995
3229,9829,996
3230,9829,9811
3231,9829,9812
3232,10590,994
3233,10590,996
3234,10590,9811
3235,10590,9812
3236,9831,994
3237,9831,995
3238,9831,996
3239,9831,9811
3240,4234,9829
3241,9846,1011
3242,9846,10180
3243,9856,4963
3244,9921,8881
3245,9923,2602
3246,9924,2643
3247,9927,10569
3248,706,3755
3249,708,7224
3250,709,3753
3251,709,705
3252,10168,10169
3253,10169,971
3254,10777,5308
3255,10777,5317
3256,10174,4697
3257,10180,1011
3258,10182,6784
3259,10183,6784
3260,10190,2601
3261,10195,2600
3262,10196,1268
3263,10196,1270
3264,5255,5254
3265,10311,5843
3266,10311,7949
3267,10313,2121
3268,10319,162
3269,10328,2123
3270,10329,8836
3271,10330,8836
3272,10333,10330
3273,374,10329
3274,374,10333
3275,10335,10330
3276,10335,10333
3277,392,2121
3278,393,2121
3279,395,394
3280,10393,244
3281,10393,246
3282,10393,248
3283,10393,1375
3284,10395,459
3285,10399,355
3286,10401,10400
3287,10402,10400
3288,10403,459
3289,10405,10403
3290,623,459
3291,623,10404
3292,623,10405
3293,624,466
3294,624,10404
3295,624,10405
3296,624,623
3297,626,10405
3298,626,624
3299,627,10330
3300,628,10330
3301,710,454
3302,711,3824
3303,711,454
3304,712,3824
3305,712,454
3306,712,711
3307,713,3824
3308,713,454
3309,1422,10421
3310,1439,10421
3311,1439,1422
3312,10747,10421
3313,10747,1439
3314,1440,1422
3315,1449,1422
3316,10749,2133
3317,1464,609
3318,1494,2131
3319,1574,7943
3320,10398,10396
3321,10398,10397
3322,10399,10396
3323,10399,10397
3324,10568,26
3325,10569,1106
3326,10572,1180
3327,10573,9498
3328,971,4662
3329,971,9161
3330,971,9162
3331,972,4720
3332,4212,971
3333,974,971
3334,10170,10745
3335,9812,10169
3336,996,10169
3337,10591,10778
3338,1009,4679
3339,10603,452
3340,10604,610
3341,10606,612
3342,10608,10182
3343,10615,331
3344,10618,2052
3345,9856,1267
3346,10624,4972
3347,10741,5283
3348,9728,4699
3349,10744,5763
3350,10745,972
3351,9743,971
3352,10747,1422
3353,9745,4210
3354,10749,1450
3355,10752,1456
3356,4233,972
3357,4233,10169
3358,10766,4963
3359,10769,4679
3360,2600,4242
3361,10195,4242
3362,10777,4699
3363,10777,5261
3364,10778,972
3365,2602,2601
3366,2603,8913
3367,2604,8913
3368,2606,8913
3369,10784,2606
3370,10784,9927
3371,2611,9062
3372,2612,2610
3373,2614,2610
3374,10806,3947
3375,3947,2769
3376,3947,3945
3377,3947,3942
3378,3947,3944
3379,3944,2769
3380,3944,3942
3381,3943,3945
3382,3948,3942
3383,3955,2773
3384,3955,2786
3385,3955,2787
3386,3955,10806
3387,3955,3948
3388,10812,2831
3389,10814,1000
3390,10814,1011
3391,10814,10607
3392,10815,9811
3393,10815,10168
3394,10816,10180
3395,10817,1011
3396,10817,3860
3397,10819,6453
3398,10821,8868
3399,8868,2075
3400,8875,8868
3401,8893,2117
3402,10834,8877
3403,10834,8891
3404,8907,8911
3405,8909,8911
3406,10837,2065
3407,10838,428
3408,9660,8913
3409,9661,8913
3410,10841,9050
3411,10841,1456
3412,10190,4242
3413,2602,10190
3414,9927,8913
3415,9927,26
3416,11186,1721
3417,464,5814
3418,363,351
3419,429,7935
3420,1722,1721
3421,1875,5814
3422,2055,2052
3423,2073,2072
3424,2074,2073
3425,2094,2092
3426,2094,2093
3427,2097,2096
3428,11235,2116
3429,11236,2054
3430,11238,11235
3431,11239,11238
3432,11241,2118
3433,2121,2052
3434,2123,2052
3435,8836,342
3436,11254,11253
3437,2090,2089
3438,10615,2102
3439,11265,2127
3440,11265,11253
3441,11269,7268
3442,11270,11269
3443,11271,11270
3444,8481,7310
3445,8247,8832
